{"cameraMode":{"drawMode":0,"name":"Shaded","section":"Shading Mode"},"sceneLighting":false,"audioPlay":false,"sceneViewState":{"showFog":true,"showMaterialUpdate":false,"showSkybox":false,"showFlares":true,"showImageEffects":true,"showParticleSystems":true},"in2DMode":false,"pivot":{"x":-4.275843143463135,"y":-3.533393621444702,"z":5.515596866607666},"rotation":{"x":0.2221357524394989,"y":-0.6440919637680054,"z":0.20348326861858369,"w":0.7031329274177551},"size":11.878954887390137,"orthographic":false}