{"cameraMode":{"drawMode":0,"name":"Shaded","section":"Shading Mode"},"sceneLighting":true,"audioPlay":false,"sceneViewState":{"showFog":true,"showMaterialUpdate":false,"showSkybox":true,"showFlares":true,"showImageEffects":true,"showParticleSystems":true},"in2DMode":false,"pivot":{"x":-118.55154418945313,"y":34.05516052246094,"z":171.3011474609375},"rotation":{"x":0.11230041831731796,"y":0.1219019889831543,"z":-0.01388306263834238,"w":0.9860708713531494},"size":262.33026123046877,"orthographic":false}